MEDICARE PROVIDER/SUPPLIER TYPE DESCRIPTION,PROVIDER TAXONOMY CODE,SPECIALTY UNI,Cat.,
Physician/Undefined Physician type[6],208D00000X,Allopathic & Osteopathic Physicians/General Practice,GOOD,
Physician Assistant,363A00000X,Physician Assistants & Advanced Practice Nursing Providers/Physician Assistant,BAD,
Physician Assistant,363AM0700X,"Physician Assistants & Advanced Practice Nursing Providers/Physician Assistant, Medical",BAD,
Physician Assistant,363AS0400X,"Physician Assistants & Advanced Practice Nursing Providers/Physician Assistant, Surgical",GOOD,
Certified Clinical Nurse Specialist,364SA2200X,"Physician Assistants & Advanced Practice Nursing Providers/Clinical Nurse Specialist, Adult Health",GOOD,
Certified Clinical Nurse Specialist,364SC0200X,"Physician Assistants & Advanced Practice Nursing Providers/Clinical Nurse Specialist, Critical Care Medicine",GOOD,
Certified Clinical Nurse Specialist,364SF0001X,"Physician Assistants & Advanced Practice Nursing Providers/Clinical Nurse Specialist, Family Health",GOOD,
Certified Clinical Nurse Specialist,364SR0400X,"Physician Assistants & Advanced Practice Nursing Providers/Clinical Nurse Specialist, Rehabilitation",GOOD,
Certified Clinical Nurse Specialist,364S00000X,Physician Assistants & Advanced Practice Nursing Providers/Clinical Nurse Specialist,GOOD,
Certified Clinical Nurse Specialist,364SA2100X,"Physician Assistants & Advanced Practice Nursing Providers/Clinical Nurse Specialist, Acute Care",GOOD,
Certified Clinical Nurse Specialist,364SC2300X,"Physician Assistants & Advanced Practice Nursing Providers/Clinical Nurse Specialist, Chronic Care",GOOD,
Certified Clinical Nurse Specialist,364SM0705X,"Physician Assistants & Advanced Practice Nursing Providers/Clinical Nurse Specialist, Medical-Surgical",GOOD,
Certified Clinical Nurse Specialist,364SN0800X,"Physician Assistants & Advanced Practice Nursing Providers/Clinical Nurse Specialist, Neuroscience",GOOD,
Certified Clinical Nurse Specialist,364SW0102X,"Physician Assistants & Advanced Practice Nursing Providers/Clinical Nurse Specialist, Women’s Health",GOOD,
Physician/Neuropsychiatry,2084P2900X,"Allopathic & Osteopathic Physicians/ Psychiatry & Neurology, Pain Medicine",GOOD,
Physician/Neuropsychiatry,2084S0010X,"Allopathic & Osteopathic Physicians/ Psychiatry & Neurology, Sports Medicine",GOOD,
Physician/Preventive Medicine,2083S0010X,"Allopathic & Osteopathic Physicians/Preventive Medicine, Sports Medicine",GOOD,
Physician/Pain Management,208VP0000X,"Allopathic & Osteopathic Physicians/Pain Medicine, Pain Medicine",GOOD,
Physician/Rheumatology,207RR0500X,"Allopathic & Osteopathic Physicians/Internal Medicine, Rheumatology",GOOD,
Nurse Practitioner,363L00000X,Physician Assistants & Advanced Practice Nursing Providers/Nurse Practitioner,GOOD,
Nurse Practitioner,363LA2100X,"Physician Assistants & Advanced Practice Nursing Providers/Nurse Practitioner, Acute Care",BAD,
Nurse Practitioner,363LA2200X,"Physician Assistants & Advanced Practice Nursing Providers/Nurse Practitioner, Adult Health",GOOD,
Nurse Practitioner,363LC1500X,"Physician Assistants & Advanced Practice Nursing Providers/Nurse Practitioner, Community Health",GOOD,
Nurse Practitioner,363LF0000X,"Physician Assistants & Advanced Practice Nursing Providers/Nurse Practitioner, Family",BAD,
Nurse Practitioner,363LP2300X,"Physician Assistants & Advanced Practice Nursing Providers/Nurse Practitioner, Primary Care",GOOD,
Nurse Practitioner,363LC0200X,"Physician Assistants & Advanced Practice Nursing Providers/Nurse Practitioner, Critical Care Medicine",GOOD,
Nurse Practitioner,363LG0600X,"Physician Assistants & Advanced Practice Nursing Providers/Nurse Practitioner, Gerontology",GOOD,
Nurse Practitioner,363LX0106X,"Physician Assistants & Advanced Practice Nursing Providers/Nurse Practitioner, Occupational Health",GOOD,
Nurse Practitioner,363LP0200X,"Physician Assistants & Advanced Practice Nursing Providers/Nurse Practitioner, Pediatrics",GOOD,
Nurse Practitioner,363LP0222X,"Physician Assistants & Advanced Practice Nursing Providers/Nurse Practitioner, Pediatrics, Critical Care",GOOD,
Nurse Practitioner,363LW0102X,"Physician Assistants & Advanced Practice Nursing Providers/Nurse Practitioner, Women’s Health",GOOD,
Podiatry,213E00000X,Podiatric Medicine & Surgery Service Providers/Podiatrist,GOOD,
Podiatry,213ES0103X,"Podiatric Medicine & Surgery Service Providers/Podiatrist, Foot & Ankle Surgery",GOOD,
Podiatry,213ES0131X,"Podiatric Medicine & Surgery Service Providers/Podiatrist, Foot Surgery",GOOD,
Podiatry,213EG0000X,"Podiatric Medicine & Surgery Service Providers/Podiatrist, General Practice",GOOD,
Podiatry,213EP1101X,"Podiatric Medicine & Surgery Service Providers/Podiatrist, Primary Podiatric Medicine",GOOD,
Podiatry,213EP0504X,"Podiatric Medicine & Surgery Service Providers/Podiatrist, Public Medicine",GOOD,
Podiatry,213ES0000X,"Podiatric Medicine & Surgery Service Providers/Podiatrist, Sports Medicine",GOOD,
Podiatry,213ER0200X,"Podiatric Medicine & Surgery Service Providers/Podiatrist, Radiology",GOOD,
Physician/Hand Surgery,2086S0105X,"Allopathic & Osteopathic Physicians/Surgery, Surgery of the Hand",GOOD,
Physician/Hand Surgery,2082S0105X,"Allopathic & Osteopathic Physicians/Plastic Surgery, Surgery of the Hand",GOOD,
Physician/Hand Surgery,207XS0106X,"Allopathic & Osteopathic Physicians/Orthopedic Surgery, Hand Surgery",GOOD,
Physician/Geriatric Medicine,207RG0300X,"Allopathic & Osteopathic Physicians/Internal Medicine, Geriatric Medicine",GOOD,
Physician/Geriatric Medicine,207QG0300X,"Allopathic & Osteopathic Physicians/Family Medicine, Geriatric Medicine",GOOD,
Physician/Pediatric Medicine,2080P0216X,"Allopathic & Osteopathic Physicians/Pediatrics, Pediatric Rheumatology",GOOD,
Physician/Pediatric Medicine,2080S0010X,"Allopathic & Osteopathic Physicians/Pediatrics, Sports Medicine",GOOD,
Physician/Geriatric Psychiatry,207QG0300X,"Allopathic & Osteopathic Physicians/Family Medicine, Geriatric Medicine",GOOD,
Physician/Physical Medicine and Rehabilitation,208100000X,Allopathic & Osteopathic Physicians/Physical Medicine & Rehabilitation,GOOD,
Physician/Physical Medicine and Rehabilitation,2081P2900X,"Allopathic & Osteopathic Physicians/Physical Medicine & Rehabilitation, Pain Medicine",GOOD,
Physician/Physical Medicine and Rehabilitation,2081P0004X,"Allopathic & Osteopathic Physicians/Physical Medicine & Rehabilitation, Spinal Cord Injury Medicine",GOOD,
Physician/Physical Medicine and Rehabilitation,2081S0010X,"Allopathic & Osteopathic Physicians/Physical Medicine & Rehabilitation, Sports Medicine",GOOD,
Physician/Physical Medicine and Rehabilitation,2081P0010X,"Allopathic & Osteopathic Physicians/Physical Medicine & Rehabilitation, Pediatric Rehabilitation Medicine",GOOD,
Physician/Plastic and Reconstructive Surgery,2082S0105X,"Allopathic & Osteopathic Physicians/Plastic Surgery, Surgery of the Hand",GOOD,
Physician/Sports Medicine,207XX0005X,Allopathic & Osteopathic Physicians/Orthopedic Surgery/Sports Medicine,GOOD,
Physician/Sports Medicine,207QS0010X,"Allopathic & Osteopathic Physicians/Family Medicine, Sports Medicine",GOOD,
Physician/Sports Medicine,207RS0010X,"Allopathic & Osteopathic Physicians/Internal Medicine, Sports Medicine",GOOD,
Physician/Sports Medicine,2081S0010X,"Allopathic & Osteopathic Physicians/Physical Medicine & Rehabilitation, Sports Medicine",GOOD,
Physician/Sports Medicine,2083S0010X,"Allopathic & Osteopathic Physicians/Preventive Medicine, Sports Medicine",GOOD,
Physician/Sports Medicine,204C00000X,"Allopathic & Osteopathic Physicians/Neuromusculoskeletal Medicine, Sports Medicine",GOOD,
Physician/Sports Medicine,2080S0010X,"Allopathic & Osteopathic Physicians/Pediatrics, Sports Medicine",GOOD,
Physician/Sports Medicine,2084S0010X,"Allopathic & Osteopathic Physicians/ Psychiatry & Neurology, Sports Medicine",GOOD,
Physician/Orthopedic Surgery,207X00000X,Allopathic & Osteopathic Physicians/Orthopedic Surgery,GOOD,
Physician/Orthopedic Surgery,207XS0114X,"Allopathic & Osteopathic Physicians/Orthopedic Surgery, Adult Reconstructive Orthopedic Surgery",GOOD,
Physician/Orthopedic Surgery,207XX0004X,"Allopathic & Osteopathic Physicians/Orthopedic Surgery, Foot and Ankle Surgery",GOOD,
Physician/Orthopedic Surgery,207XS0106X,"Allopathic & Osteopathic Physicians/Orthopedic Surgery, Hand Surgery",GOOD,
Physician/Orthopedic Surgery,207XS0117X,"Allopathic & Osteopathic Physicians/Orthopedic Surgery, Orthopedic Surgery of the Spine",GOOD,
Physician/Orthopedic Surgery,207XX0801X,"Allopathic & Osteopathic Physicians/Orthopedic Surgery, Orthopedic Trauma",GOOD,
Physician/Orthopedic Surgery,207XX0005X,"Allopathic & Osteopathic Physicians/Orthopedic Surgery, Sports Medicine",GOOD,
Physician/Orthopedic Surgery,207XP3100X,"Allopathic & Osteopathic Physicians/Orthopedic Surgery, Pediatric Orthopedic Surgery",GOOD,
Physician/Neurosurgery,207T00000X,Allopathic & Osteopathic Physicians/Neurological Surgery,GOOD,
Physician/Neurology,2084N0400X,"Allopathic & Osteopathic Physicians/Psychiatry and Neurology, Neurology",BAD,
Physician/Neurology,2084N0402X,"Allopathic & Osteopathic Physicians/Psychiatry and Neurology, Neurology with Special Qualifications in Child Neurology",GOOD,
Physician/Neurology,2084A2900X,Allopathic & Osteopathic Physicians/Psychiatry & Neurology/Neurocritical Care,GOOD,
Physician/Osteopathic Manipulative Medicine,204D00000X,Allopathic & Osteopathic Physicians/Neuromusculoskeletal Medicine & OMM,GOOD,
Physician/Osteopathic Manipulative Medicine,204C00000X,"Allopathic & Osteopathic Physicians/Neuromusculoskeletal Medicine, Sports Medicine",GOOD,
Physician/Internal Medicine,207R00000X,Allopathic & Osteopathic Physicians/Internal Medicine,BAD,
Physician/Internal Medicine,207RC0200X,"Allopathic & Osteopathic Physicians/Internal Medicine, Critical Care Medicine",BAD,
Physician/Internal Medicine,207RG0300X,"Allopathic & Osteopathic Physicians/Internal Medicine, Geriatric Medicine",GOOD,
Physician/Internal Medicine,207RR0500X,"Allopathic & Osteopathic Physicians/Internal Medicine, Rheumatology",GOOD,
Physician/Internal Medicine,207RS0010X,"Allopathic & Osteopathic Physicians/Internal Medicine, Sports Medicine",GOOD,
Physician/Interventional Pain Management,208VP0014X,"Allopathic & Osteopathic Physicians/Pain Medicine, Interventional Pain Medicine",GOOD,
Physician/Family Practice,207Q00000X,Allopathic & Osteopathic Physicians/Family Medicine,GOOD,
Physician/Family Practice,207QA0505X,"Allopathic & Osteopathic Physicians/Family Medicine, Adult Medicine",GOOD,
Physician/Family Practice,207QG0300X,"Allopathic & Osteopathic Physicians/Family Medicine, Geriatric Medicine",GOOD,
Physician/Family Practice,207QS0010X,"Allopathic & Osteopathic Physicians/Family Medicine, Sports Medicine",GOOD,
Physician/Anesthesiology,207LP2900X,Allopathic & Osteopathic Physicians/Anesthesiology/Pain Medicine,GOOD,
Physician/General Surgery,208600000X,Allopathic & Osteopathic Physicians/Surgery,GOOD,
Physician/General Surgery,2086S0105X,Allopathic & Osteopathic Physicians/Surgery/Surgery of the Hand,GOOD,
Physician/General Surgery,2086S0102X,Allopathic & Osteopathic Physicians/Surgery/Surgical Critical Care,GOOD,
Physician/General Surgery,207T00000X,Allopathic & Osteopathic Physicians/Neurological Surgery,GOOD,
Physician/General Surgery,207X00000X,Allopathic & Osteopathic Physicians/Orthopedic Surgery,GOOD,
Physician/General Surgery,207XS0114X,Allopathic & Osteopathic Physicians/Orthopedic Surgery/Adult Reconstructive Orthopedic Surgery,GOOD,
Physician/General Surgery,207XX0004X,Allopathic & Osteopathic Physicians/Orthopedic Surgery/Foot and Ankle Surgery,GOOD,
Physician/General Surgery,207XS0106X,Allopathic & Osteopathic Physicians/Orthopedic Surgery/Hand Surgery,GOOD,
Physician/General Surgery,207XS0117X,Allopathic & Osteopathic Physicians/Orthopedic Surgery/Orthopedic Surgery of the Spine,GOOD,
Physician/General Surgery,207XX0801X,Allopathic & Osteopathic Physicians/Orthopedic Surgery/Orthopedic Trauma,GOOD,
Physician/General Surgery,207XX0005X,Allopathic & Osteopathic Physicians/Orthopedic Surgery/Sports Medicine,GOOD,
Physician/General Surgery,2082S0105X,Allopathic & Osteopathic Physicians/Plastic Surgery/Surgery of the Hand,GOOD,
Physician/General Surgery,2086S0120X,Allopathic & Osteopathic Physicians/Surgery/Pediatric Surgery,GOOD,
Physician/General Surgery,207XP3100X,Allopathic & Osteopathic Physicians/Orthopedic Surgery/Pediatric Orthopedic Surgery,GOOD,
Physician/Neuropsychiatry,2084N0400X,"Allopathic & Osteopathic Physicians/ Psychiatry & Neurology, Neurology",BAD,
Physician/Neuropsychiatry,2084N0402X,"Allopathic & Osteopathic Physicians/ Psychiatry & Neurology, Neurology with Special Qualifications in Child Neurology",GOOD,
Physician/Critical Care (Intensivists),207RC0200X,"Allopathic & Osteopathic Physicians/Internal Medicine, Critical Care Medicine",GOOD,
Physician/General Practice,208D00000X,Allopathic & Osteopathic Physicians/General Practice,GOOD,
Physician/Neuropsychiatry,2084A0401X,Allopathic & Osteopathic Physicians/ Psychiatry & Neurology,BAD,
Physician/Hospice and Palliative Care,207RH0002X,"Allopathic & Osteopathic Physicians/Surgery/Hospice and Palliative Medicine, Internal Medicine",BAD,
Mental Health Counselor,101YM0800X,Behavioral Health & Social Service Providers/Counselor,BAD,
Licensed Professional Counselor,101YP2500X,Behavioral Health & Social Service Providers/Counselor,BAD,
Marriage and Family Therapist,106H00000X,Behavioral Health & Social Service Providers/Marriage and Family Therapist,BAD,
Adult Congenital Heart Disease,207RA0002X,"Allopathic & Osteopathic Physicians, Internal Medicine",BAD,
Micrographic Dermatologic Surgery,207ND0101X,"Allopathic & Osteopathic Physicians, Dermatology, MOHS-Micrographic Surgery",BAD,
Home Infusion Therapy Services,3336H0001X,"Suppliers, Pharmacy, Home Infusion Therapy Services",BAD,
Opioid Treatment Program,261QR0405X,"Ambulatory Health Care Facilities/Clinic/Center, Rehabilitation",BAD,
Undersea and Hyperbaric Medicine,207PE0005X,Allopathic & Osteopathic Physicians/Undersea and Hyperbaric Medicine,BAD,
Medical Genetics and Genomics,207SG0201X,Allopathic & Osteopathic Physicians/Clinical Genetics,BAD,
Medical Genetics and Genomics,207SG0202X,"Allopathic & Osteopathic Physicians, Medical Genetics/Clinical Biochemical Genetics",BAD,
Medical Genetics and Genomics,207SG0203X,Allopathic & Osteopathic Physicians/ Medical Genetics/Clinical Molecular Genetics,BAD,
Medical Genetics and Genomics,207SG0205X,Allopathic & Osteopathic Physicians/Medical Genetics/Ph.D. Medical Genetics,BAD,
Medical Genetics and Genomics,207SM0001X,Allopathic & Osteopathic Physicians/Medical Genetics/Molecular Genetic Pathology,BAD,
Medicare Diabetes Preventive Program,174H00000X,"Other Service Providers, Health Educator",BAD,
Hematopoietic Cell Transplantation and Cellular Therapy,,,BAD,
Physician/Medical Toxicology,207PT0002X,"Allopathic & Osteopathic Physicians/Emergency Medicine, Medical Toxicology",BAD,
Physician/Advanced Heart Failure and Transplant Cardiology,207RA0001X,Allopathic & Osteopathic Physicians/Advanced Heart Failure and Transplant Cardiology,BAD,
Physician/Hospitalist,208M00000X,Allopathic & Osteopathic Physicians/Hospitalist,BAD,
Dentist,122300000X,Dental Providers/Dentist,BAD,
Dentist,1223G0001X,Dental Providers/Dentist/General Practice,BAD,
Physician/Interventional Cardiology,207RI0011X,"Allopathic & Osteopathic Physicians/Internal Medicine, Interventional Cardiology",BAD,
Physician/Sleep Medicine,207QS1201X,"Allopathic & Osteopathic Physicians/Family Medicine, Sleep Medicine",BAD,
Physician/Sleep Medicine,207RS0012X,"Allopathic & Osteopathic Physicians/Internal Medicine, Sleep Medicine",BAD,
Specialist,174400000X,Specialist,GOOD,
Physician/Sleep Medicine,2080S0012X,"Allopathic & Osteopathic Physicians/Pediatrics, Sleep Medicine",BAD,
Physician/Sleep Medicine,2084S0012X,"Allopathic & Osteopathic Physicians/ Psychiatry & Neurology, Sleep Medicine",BAD,
Physician/Sleep Medicine,261QS1200X,Allopathic & Osteopathic Physicians/Ambulatory Health Care Facilities/Sleep Disorder Diagnostic,BAD,
Ocularist,156FX1700X,"Eye and Vision Services Providers, Technician/Technologist, Ocularist",BAD,
Rehabilitation Agency,261QR0400X,"Ambulatory Health Care Facilities/Clinic/Center, Rehabilitation",BAD,
Organ Procurement Organization,335U00000X,Suppliers/Organ Procurement Organization,BAD,
Community Mental Health Center,261QM0801X,"Ambulatory Health Care Facilities/Clinic/Center, Mental Health",BAD,
Comprehensive Outpatient Rehabilitation Facility,261QR0401X,"Ambulatory Health Care Facilities/Clinic/Center, Rehabilitation, Comprehensive Outpatient Rehabilitation Facility (CORF)",BAD,
End-Stage Renal Disease Facility,261QE0700X,Ambulatory Health Care Facilities/End-Stage Renal Disease (ESRD) Treatment,BAD,
Federally Qualified Health Center,261QF0400X,Ambulatory Health Care Facilities/Federally Qualified Health Center (FQHC),BAD,
Hospice,251G00000X,"Agencies/Hospice Care, Community Based",BAD,
Histocompatibility Laboratory,291U00000X,Laboratories/Clinical Medical Laboratory,BAD,
Histocompatibility Laboratory,291900000X,Laboratories/Military Clinical Medical Laboratory,BAD,
Outpatient Physical Therapy/Occupational Therapy/Speech Pathology Services,261QR0400X,"Ambulatory Health Care Facilities/Clinic/Center, Rehabilitation",BAD,
Rehabilitation Agency,315D00000X,"Nursing & Custodial Care Facilities/Hospice, Inpatient",BAD,
Religious Non-Medical Health Care Institution,282J00000X,Hospitals/Religious Non-medical Health Care Institution,BAD,
Rural Health Clinic,261QR1300X,"Ambulatory Health Care Facilities/Clinic/Center, Rural Health",BAD,
Medical supply company with pedorthic personnel,332B00000X,Suppliers/Durable Medical Equipment & Medical Supplies,BAD,
Pedorthic personnel,222Z00000X,"Respiratory, Developmental, Rehabilitative and Restorative Service Providers/Orthotist",BAD,
Pedorthic personnel,224P00000X,"Respiratory, Developmental, Rehabilitative and Restorative Service Providers/Prosthetist",BAD,
Oxygen supplier,332BX2000X,"Suppliers/Durable Medical Equipment & Medical Supplies, Oxygen Equipment & Supplies",BAD,
Indian Health Service facility[13],332800000X,Suppliers/Indian Health Service/Tribal/Urban Indian Health (I/T/U) Pharmacy,BAD,
Grocery Store,332B00000X,Suppliers/Durable Medical Equipment & Medical Supplies,BAD,
Department Store,332B00000X,Suppliers/Durable Medical Equipment & Medical Supplies,BAD,
Medical Supply Company with Respiratory Therapist,332B00000X,Suppliers/Durable Medical Equipment & Medical Supplies,BAD,
Pharmacy,333600000X,Suppliers/Pharmacy,BAD,
Pharmacy,3336C0002X,"Suppliers/Pharmacy, Clinic Pharmacy",BAD,
Pharmacy,3336C0003X,"Suppliers/Pharmacy, Community/Retail Pharmacy",BAD,
Pharmacy,3336C0004X,"Suppliers/Pharmacy, Compounding Pharmacy",BAD,
Pharmacy,3336H0001X,"Suppliers/Pharmacy, Home Infusion Therapy Pharmacy",BAD,
Pharmacy,3336I0012X,"Suppliers/Pharmacy, Institutional Pharmacy",BAD,
Pharmacy,3336L0003X,"Suppliers/Pharmacy, Long-term Care Pharmacy",BAD,
Pharmacy,3336M0002X,"Suppliers/Pharmacy, Mail Order Pharmacy",BAD,
Pharmacy,3336M0003X,"Suppliers/Pharmacy, Managed Care Organization Pharmacy",BAD,
Pharmacy,3336N0007X,"Suppliers/Pharmacy, Nuclear Pharmacy",BAD,
Pharmacy,3336S0011X,"Suppliers/Pharmacy, Specialty Pharmacy",BAD,
Pharmacy,1835C0205X,"Suppliers/Pharmacy, Critical Care",BAD,
Pharmacy,1835P0200X,"Suppliers/Pharmacy, Pediatrics",BAD,
Home Health Agency,251E00000X,Agencies/Home Health,BAD,
Home Health Agency (Subunit),251E00000X,Agencies/Home Health,BAD,
Other Nursing Facility,313M00000X,Nursing and Custodial Care Facilities/Nursing Facility,BAD,
Intermediate Care Nursing Facility,332B00000X,Suppliers/Durable Medical Equipment & Medical Supplies,BAD,
Intermediate Care Nursing Facility,315P00000X,"Nursing & Custodial Care Facilities/Intermediate Care Facility, Mentally Retarded",BAD,
Skilled Nursing Facility,314000000X,Nursing and Custodial Care Facilities/Skilled Nursing Facility,BAD,
Skilled Nursing Facility,3140N1450X,"Nursing & Custodial Care Facilities/Skilled Nursing Facility/Nursing Care, Pediatric",BAD,
Hospital-General,282N00000X,Hospitals/General Acute Care Hospital,BAD,
Hospital-Acute Care,282N00000X,Hospitals/General Acute Care Hospital,BAD,
Hospital-Children’s (PPS excluded),282NC2000X,"Hospitals/General Acute Care Hospital, Children",BAD,
Hospital-Long-Term (PPS excluded),282E00000X,Hospitals/Long Term Care Hospital,BAD,
Hospital-Psychiatric (PPS excluded),283Q00000X,Hospitals/Psychiatric Hospital,BAD,
Hospital-Rehabilitation (PPS excluded),283X00000X,Hospitals/Rehabilitation Hospital,BAD,
Hospital-Short-Term (General and Specialty),282N00000X,Hospitals/General Acute Care Hospital,BAD,
Hospital Units,273100000X,Hospital Units/Epilepsy Unit,BAD,
Hospital Units,276400000X,Hospital Units/Rehabilitation/Substance Use Disorder Unit,BAD,
Hospitals,281P00000X,Hospitals/Chronic Disease Hospital,BAD,
Hospitals,281PC2000X,Hospitals/Chronic Disease Hospital/Children,BAD,
Hospitals,282NR1301X,Hospitals/General Acute Care Hospital/Rural,BAD,
Hospitals,282NW0100X,Hospitals/General Acute Care Hospital/Women,BAD,
Hospitals,283XC2000X,Hospitals/General Acute Care Hospital/Children,BAD,
Hospitals,286500000X,Hospitals/Military Hospital,BAD,
Hospitals,2865M2000X,Hospitals/Military Hospital/Military General Acute Care Hospital,BAD,
Hospitals,2865X1600X,Hospitals/Military Hospital/Military General Acute Care Hospital. Operational (Transportable),BAD,
Hospital-Swing Bed Approved,275N00000X,Hospital Units/Medicare Defined Swing Bed Unit,BAD,
Hospital-Psychiatric Unit,273R00000X,Hospital Units/Psychiatric Unit,BAD,
Hospital-Rehabilitation Unit,273Y00000X,Hospital Units/Rehabilitation Unit,BAD,
"Hospital-Specialty Hospital (cardiac, orthopedic, surgical)",284300000X,Hospitals/Special(ty) Hospital,BAD,
Critical Access Hospital,282NC0060X,"Hospitals/General Acute Care Hospital, Critical Access",BAD,
Optician,156FX1800X,"Eye & Vision Service Providers/Technician/Technologist, Optician",BAD,
All Other Suppliers,332B00000X,Suppliers/Durable Medical Equipment & Medical Supplies,BAD,
Physician/Gynecological Oncology,207VX0201X,"Allopathic & Osteopathic Physicians/Obstetrics & Gynecology, Gynecologic Oncology",BAD,
Advance Diagnostic Imaging,,,BAD,
Physician/Interventional Radiology,2085R0204X,"Allopathic & Osteopathic Physicians/Radiology, Vascular and Interventional Radiology",BAD,
Physician/Interventional Radiology,2085H0002X,Hospice & Palliative Medicine,BAD,
Physician/Emergency Medicine,207P00000X,Allopathic & Osteopathic Physicians/Emergency Medicine,BAD,
Physician/Emergency Medicine,207PE0004X,"Allopathic & Osteopathic Physicians/Emergency Medicine, Emergency Medical Services",BAD,
Physician/Emergency Medicine,207PH0002X,"Allopathic & Osteopathic Physicians/Emergency Medicine, Hospice and Palliative Medicine",BAD,
Physician/Emergency Medicine,207PT0002X,"Allopathic & Osteopathic Physicians/Emergency Medicine, Medical Toxicology",BAD,
Physician/Emergency Medicine,207PP0204X,"Allopathic & Osteopathic Physicians/Emergency Medicine, Pediatric Emergency Medicine",BAD,
Physician/Emergency Medicine,207PS0010X,"Allopathic & Osteopathic Physicians/Emergency Medicine, Sports Medicine",BAD,
Physician/Emergency Medicine,207PE0005X,"Allopathic & Osteopathic Physicians/Emergency Medicine, Undersea and Hyperbaric Medicine",BAD,
Physician/Radiation Oncology,2085R0001X,"Allopathic & Osteopathic Physicians/Radiology, Radiation Oncology",BAD,
Physician/Surgical Oncology,2086X0206X,"Allopathic & Osteopathic Physicians/Surgery, Surgical Oncology",BAD,
Physician/Medical Oncology,207RX0202X,"Allopathic & Osteopathic Physicians/Internal Medicine, Medical Oncology",BAD,
Certified Clinical Nurse Specialist,364SC1501X,"Physician Assistants & Advanced Practice Nursing Providers/Clinical Nurse Specialist, Community Health/Public Health",BAD,
Certified Clinical Nurse Specialist,364SE0003X,"Physician Assistants & Advanced Practice Nursing Providers/Clinical Nurse Specialist, Emergency",BAD,
Certified Clinical Nurse Specialist,364SE1400X,"Physician Assistants & Advanced Practice Nursing Providers/Clinical Nurse Specialist, Ethics",BAD,
Certified Clinical Nurse Specialist,364SG0600X,"Physician Assistants & Advanced Practice Nursing Providers/Clinical Nurse Specialist, Gerontology",BAD,
Certified Clinical Nurse Specialist,364SH1100X,"Physician Assistants & Advanced Practice Nursing Providers/Clinical Nurse Specialist, Holistic",BAD,
Certified Clinical Nurse Specialist,364SH0200X,"Physician Assistants & Advanced Practice Nursing Providers/Clinical Nurse Specialist, Home Health",BAD,
Certified Clinical Nurse Specialist,364SI0800X,"Physician Assistants & Advanced Practice Nursing Providers/Clinical Nurse Specialist, Informatics",BAD,
Certified Clinical Nurse Specialist,364SL0600X,"Physician Assistants & Advanced Practice Nursing Providers/Clinical Nurse Specialist, Long-term Care",BAD,
Certified Clinical Nurse Specialist,364SN0000X,"Physician Assistants & Advanced Practice Nursing Providers/Clinical Nurse Specialist, Neonatal",BAD,
Certified Clinical Nurse Specialist,364SX0106X,"Physician Assistants & Advanced Practice Nursing Providers/Clinical Nurse Specialist, Occupational Health",BAD,
Certified Clinical Nurse Specialist,364SX0200X,"Physician Assistants & Advanced Practice Nursing Providers/Clinical Nurse Specialist, Oncology",BAD,
Certified Clinical Nurse Specialist,364SX0204X,"Physician Assistants & Advanced Practice Nursing Providers/Clinical Nurse Specialist, Oncology, Pediatrics",BAD,
Certified Clinical Nurse Specialist,364SP0200X,"Physician Assistants & Advanced Practice Nursing Providers/Clinical Nurse Specialist, Pediatrics",BAD,
Certified Clinical Nurse Specialist,364SP1700X,"Physician Assistants & Advanced Practice Nursing Providers/Clinical Nurse Specialist, Perinatal",BAD,
Certified Clinical Nurse Specialist,364SP2800X,"Physician Assistants & Advanced Practice Nursing Providers/Clinical Nurse Specialist, Perioperative",BAD,
Certified Clinical Nurse Specialist,364SP0808X,"Physician Assistants & Advanced Practice Nursing Providers/Clinical Nurse Specialist, Psychiatric/Mental Health",BAD,
Certified Clinical Nurse Specialist,364SP0809X,"Physician Assistants & Advanced Practice Nursing Providers/Clinical Nurse Specialist, Psychiatric/Mental Health, Adult",BAD,
Certified Clinical Nurse Specialist,364SP0807X,"Physician Assistants & Advanced Practice Nursing Providers/Clinical Nurse Specialist, Psychiatric/Mental Health, Child & Adolescent",BAD,
Certified Clinical Nurse Specialist,364SP0810X,"Physician Assistants & Advanced Practice Nursing Providers/Clinical Nurse Specialist, Psychiatric/Mental Health, Child & Family",BAD,
Certified Clinical Nurse Specialist,364SP0811X,"Physician Assistants & Advanced Practice Nursing Providers/Clinical Nurse Specialist, Psychiatric/Mental Health, Chronically Ill",BAD,
Certified Clinical Nurse Specialist,364SP0812X,"Physician Assistants & Advanced Practice Nursing Providers/Clinical Nurse Specialist, Psychiatric/Mental Health, Community",BAD,
Certified Clinical Nurse Specialist,364SP0813X,"Physician Assistants & Advanced Practice Nursing Providers/Clinical Nurse Specialist, Psychiatric/Mental Health, Geropsychiatric",BAD,
Certified Clinical Nurse Specialist,364SS0200X,"Physician Assistants & Advanced Practice Nursing Providers/Clinical Nurse Specialist, School",BAD,
Certified Clinical Nurse Specialist,364ST0500X,"Physician Assistants & Advanced Practice Nursing Providers/Clinical Nurse Specialist, Transplantation",BAD,
Unknown Supplier/Provider Specialty[4],,,BAD,
Physician/Neuropsychiatry,2084P0802X,"Allopathic & Osteopathic Physicians/ Psychiatry & Neurology, Addiction Psychiatry",BAD,
Physician/Neuropsychiatry,2084B0040X,"Allopathic & Osteopathic Physicians/ Psychiatry & Neurology, Behavioral Neurology & Neuropsychiatry",BAD,
Physician/Neuropsychiatry,2084D0003X,"Allopathic & Osteopathic Physicians/ Psychiatry & Neurology, Diagnostic Neuroimaging",BAD,
Physician/Neuropsychiatry,2084F0202X,"Allopathic & Osteopathic Physicians/ Psychiatry & Neurology, Forensic Psychiatry",BAD,
Physician/Neuropsychiatry,2084P0805X,"Allopathic & Osteopathic Physicians/ Psychiatry & Neurology, Geriatric Psychiatry",BAD,
Physician/Neuropsychiatry,2084N0008X,"Allopathic & Osteopathic Physicians/ Psychiatry & Neurology, Neuromuscular Medicine",BAD,
Physician/Neuropsychiatry,2084P0800X,"Allopathic & Osteopathic Physicians/ Psychiatry & Neurology, Psychiatry",BAD,
Physician/Neuropsychiatry,2084P0015X,"Allopathic & Osteopathic Physicians/ Psychiatry & Neurology, Psychosomatic Medicine",BAD,
Physician/Neuropsychiatry,2084B0002X,"Allopathic & Osteopathic Physicians/ Psychiatry & Neurology, Bariatric Medicine",BAD,
Physician/Neuropsychiatry,2084P0804X,"Allopathic & Osteopathic Physicians/ Psychiatry & Neurology, Child & Adolescent Psychiatry",BAD,
Physician/Neuropsychiatry,2084N0600X,"Allopathic & Osteopathic Physicians/ Psychiatry & Neurology, Clinical Neurophysiology",GOOD,
Physician/Neuropsychiatry,2084H0002X,"Allopathic & Osteopathic Physicians/ Psychiatry & Neurology, Hospice & Palliative Medicine",BAD,
Physician/Neuropsychiatry,2084P0005X,"Allopathic & Osteopathic Physicians/ Psychiatry & Neurology, Neurodevelopmental Disabilities",BAD,
Physician/Neuropsychiatry,2084S0012X,"Allopathic & Osteopathic Physicians/ Psychiatry & Neurology, Sleep Medicine",BAD,
Physician/Neuropsychiatry,2084V0102X,"Allopathic & Osteopathic Physicians/ Psychiatry & Neurology, Vascular Neurology",BAD,
Physician/Maxillofacial Surgery,204E00000X,Allopathic & Osteopathic Physicians/Oral and Maxillofacial Surgery,BAD,
Physician/Preventive Medicine,2083P0901X,"Allopathic & Osteopathic Physicians/Preventive Medicine, Public Health & General Preventive Medicine",BAD,
Physician/Preventive Medicine,2083A0100X,"Allopathic & Osteopathic Physicians/Preventive Medicine, Aerospace Medicine",BAD,
Physician/Preventive Medicine,2083T0002X,"Allopathic & Osteopathic Physicians/Preventive Medicine, Medical Toxicology",BAD,
Physician/Preventive Medicine,2083X0100X,"Allopathic & Osteopathic Physicians/Preventive Medicine, Occupational Medicine",BAD,
Physician/Preventive Medicine,2083P0500X,"Allopathic & Osteopathic Physicians/Preventive Medicine,  Preventive Medicine/Occupational Environmental Medicine",BAD,
Physician/Preventive Medicine,2083P0011X,"Allopathic & Osteopathic Physicians/Preventive Medicine, Undersea and Hyperbaric Medicine",BAD,
Physician/Preventive Medicine,2083A0300X,Allopathic & Osteopathic Physicians/Preventive Medicine/Addiction Medicine,BAD,
Physician/Preventive Medicine,2083B0002X,Allopathic & Osteopathic Physicians/Preventive Medicine/Obesity Medicine,BAD,
Physician/Preventive Medicine,2083C0008X,Allopathic & Osteopathic Physicians/Preventive Medicine/Clinical Informatics,BAD,
Physician/Hematology-Oncology,207RH0003X,"Allopathic & Osteopathic Physicians/Internal Medicine, Hematology & Oncology",BAD,
Physician/Hematology,207RH0000X,"Allopathic & Osteopathic Physicians/Internal Medicine, Hematology",BAD,
Licensed Clinical Social Worker,1041C0700X,"Behavioral Health & Social Service Providers/Social Worker, Clinical",BAD,
Physician/Addiction Medicine,207L00000X,"Allopathic & Osteopathic Physicians/Anesthesiology, Addiction Medicine",BAD,
Physician/Addiction Medicine,207QA0401X,"Allopathic & Osteopathic Physicians/Family Medicine, Addiction Medicine",BAD,
Physician/Addiction Medicine,207RA0401X,"Allopathic & Osteopathic Physicians/Internal Medicine, Addiction Medicine",BAD,
Physician/Addiction Medicine,2084A0401X,"Allopathic & Osteopathic Physicians/Psychiatry & Neurology, Addiction Medicine",BAD,
Physician/Cardiac Surgery,208G00000X,Allopathic & Osteopathic Physicians/Thoracic Surgery (Cardiothoracic Vascular Surgery),BAD,
Physician/Vascular Surgery,2086S0129X,"Allopathic & Osteopathic Physicians/Surgery, Vascular Surgery",BAD,
Physician/Peripheral Vascular Disease,2086S0129X,"Allopathic & Osteopathic Physicians/Surgery, Vascular Surgery",BAD,
Slide Preparation Facility,247200000X,"Technologists, Technicians & Other Technical Service Providers/Technician, Other",BAD,
Radiation Therapy Center,261QR0200X,"Ambulatory Health Care Facilities/Clinic/Center, Radiology",BAD,
Mass Immunizer Roster Biller[2],,,BAD,
Registered Dietitian or Nutrition Professional,133V00000X,"Dietary & Nutritional Service Providers/Dietician, Registered",BAD,
Registered Dietitian or Nutrition Professional,133VN1006X,"Dietary & Nutritional Service Providers/Dietician, Registered, Nutrition, Metabolic",BAD,
Registered Dietitian or Nutrition Professional,133VN1004X,"Dietary & Nutritional Service Providers/Dietician, Registered, Nutrition, Pediatric",BAD,
Registered Dietitian or Nutrition Professional,133VN1005X,"Dietary & Nutritional Service Providers/Dietician, Registered, Nutrition, Renal",BAD,
Registered Dietitian or Nutrition Professional,133VN1101X,"Dietary & Nutritional Service Providers/Dietician, Registered, Nutrition, Gerontological",BAD,
Registered Dietitian or Nutrition Professional,133VN1201X,"Dietary & Nutritional Service Providers/Dietician, Registered, Nutrition, Obesity and Weight Management",BAD,
Registered Dietitian or Nutrition Professional,133VN1301X,"Dietary & Nutritional Service Providers/Dietician, Registered, Nutrition, Oncology",BAD,
Registered Dietitian or Nutrition Professional,133VN1401X,"Dietary & Nutritional Service Providers/Dietician, Registered, Nutrition, Pediatric Critical Care",BAD,
Registered Dietitian or Nutrition Professional,133VN1501X,"Dietary & Nutritional Service Providers/Dietician, Registered, Nutrition, Sports Dietetics",BAD,
Clinic or Group Practice,261QM1300X,"Ambulatory Health Care Facilities/Clinic/Center, Multi-Specialty  ",BAD,
Clinic or Group Practice,261QP2000X,"Ambulatory Health Care Facilities/Clinic/Center, Physical Therapy",BAD,
Clinic or Group Practice,193200000X,Group/Multi-Specialty,BAD,
Clinic or Group Practice,261Q00000X,"Ambulatory Health Care Facilities/Clinic/Center, Multi-Specialty  ",BAD,
Clinic or Group Practice,193400000X,Group/Single-Specialty,BAD,
Clinical Laboratory,291U00000X,Laboratories/Clinical Medical Laboratory,BAD,
"Psychologist, Clinical",103TC0700X,"Behavioral Health & Social Service Providers/Psychologist, Clinical",BAD,
Occupational Therapist in Private Practice,225X00000X,"Respiratory, Developmental, Rehabilitative & Restorative Service Providers/Occupational Therapist",BAD,
Occupational Therapist in Private Practice,225XG0600X,"Respiratory, Developmental, Rehabilitative & Restorative Service Providers/Occupational Therapist, Gerontology",BAD,
Occupational Therapist in Private Practice,225XH1200X,"Respiratory, Developmental, Rehabilitative & Restorative Service Providers/Occupational Therapist, Hand",BAD,
Occupational Therapist in Private Practice,225XP0019X,"Respiratory, Developmental, Rehabilitative & Restorative Service Providers/Occupational Therapist, Physical Rehabilitation",BAD,
Occupational Therapist in Private Practice,225XR0403X,"Respiratory, Developmental, Rehabilitative & Restorative Service Providers/Occupational Therapist, Driving and Community Mobility",BAD,
Occupational Therapist in Private Practice,225XE0001X,"Respiratory, Developmental, Rehabilitative & Restorative Service Providers/Occupational Therapist, Environmental Modification",BAD,
Occupational Therapist in Private Practice,225XE1200X,"Respiratory, Developmental, Rehabilitative & Restorative Service Providers/Occupational Therapist, Ergonomics",BAD,
Occupational Therapist in Private Practice,225XF0002X,"Respiratory, Developmental, Rehabilitative & Restorative Service Providers/Occupational Therapist, Feeding, Eating &Swallowing",BAD,
Occupational Therapist in Private Practice,225XH1300X,"Respiratory, Developmental, Rehabilitative & Restorative Service Providers/Occupational Therapist, Human Factors",BAD,
Occupational Therapist in Private Practice,225XL0004X,"Respiratory, Developmental, Rehabilitative & Restorative Service Providers/Occupational Therapist, Low Vision",BAD,
Occupational Therapist in Private Practice,225XM0800X,"Respiratory, Developmental, Rehabilitative & Restorative Service Providers/Occupational Therapist, Mental Health",BAD,
Occupational Therapist in Private Practice,225XN1300X,"Respiratory, Developmental, Rehabilitative & Restorative Service Providers/Occupational Therapist, Neurorehabilitation",BAD,
Occupational Therapist in Private Practice,225XP0200X,"Respiratory, Developmental, Rehabilitative & Restorative Service Providers/Occupational Therapist, Pediatrics",BAD,
Physical Therapist in Private Practice,225100000X,"Respiratory, Developmental, Rehabilitative & Restorative Service Providers/Physical Therapist",BAD,
Physical Therapist in Private Practice,2251G0304X,"Respiratory, Developmental, Rehabilitative & Restorative Service Providers/Physical Therapist, Geriatrics",BAD,
Physical Therapist in Private Practice,2251H1200X,"Respiratory, Developmental, Rehabilitative & Restorative Service Providers/Physical Therapist, Hand",BAD,
Physical Therapist in Private Practice,2251N0400X,"Respiratory, Developmental, Rehabilitative & Restorative Service Providers/Physical Therapist, Neurology",BAD,
Physical Therapist in Private Practice,2251X0800X,"Respiratory, Developmental, Rehabilitative & Restorative Service Providers/Physical Therapist, Orthopedic",BAD,
Physical Therapist in Private Practice,2251S0007X,"Respiratory, Rehabilitative & Restorative Service Providers/Physical Therapist, Sports",BAD,
Physical Therapist in Private Practice,2251C2600X,"Respiratory, Developmental, Rehabilitative & Restorative Service Providers/Physical Therapist, Cardiopulmonary",BAD,
Physical Therapist in Private Practice,2251E1300X,"Respiratory, Developmental, Rehabilitative & Restorative Service Providers/Physical Therapist, Electrophysiology, Clinical",BAD,
Physical Therapist in Private Practice,2251E1200X,"Respiratory, Developmental, Rehabilitative & Restorative Service Providers/Physical Therapist, Ergonomics",BAD,
Physical Therapist in Private Practice,2251H1300X,"Respiratory, Developmental, Rehabilitative & Restorative Service Providers/Physical Therapist, Human Factors",BAD,
Physical Therapist in Private Practice,2251P0200X,"Respiratory, Developmental, Rehabilitative & Restorative Service Providers/Physical Therapist, Pediatrics",BAD,
Audiologist,231H00000X,"Speech, Language and Hearing Service Providers/Audiologist",BAD,
Audiologist,231HA2500X,"Speech, Language and Hearing Service Providers/Audiologist/Assistive Technology Supplier",BAD,
Audiologist,231HA2400X,"Speech, Language and Hearing Service Providers/Audiologist, Assistive Technology Practitioner",BAD,
Portable X-Ray Supplier,335V00000X,Suppliers/Portable X-Ray Supplier,BAD,
"Psychologist, Clinical",106S00000X,Behavioral Health & Social Service Providers/Technician,BAD,
"Psychologist, Clinical",103T00000X,Behavioral Health & Social Service Providers/Psychologist,BAD,
"Psychologist, Clinical",103TA0400X,"Behavioral Health & Social Service Providers/Psychologist, Addiction (Substance Abuse Disorder)",BAD,
"Psychologist, Clinical",103TA0700X,"Behavioral Health & Social Service Providers/Psychologist, Adult Development & Aging",BAD,
"Psychologist, Clinical",103TC0700X,"Behavioral Health & Social Service Providers/Psychologist, Clinical",BAD,
"Psychologist, Clinical",103TC2200X,"Behavioral Health & Social Service Providers/Psychologist, Clinical Child & Adolescent",BAD,
"Psychologist, Clinical",103TB0200X,"Behavioral Health & Social Service Providers/Psychologist, Cognitive & Behavioral",BAD,
"Psychologist, Clinical",103TC1900X,"Behavioral Health & Social Service Providers/Psychologist, Counseling",BAD,
"Psychologist, Clinical",103TE1000X,"Behavioral Health & Social Service Providers/Psychologist, Educational",BAD,
"Psychologist, Clinical",103TE1100X,"Behavioral Health & Social Service Providers/Psychologist, Exercise & Sports",BAD,
"Psychologist, Clinical",103TF0000X,"Behavioral Health & Social Service Providers/Psychologist, Family",BAD,
"Psychologist, Clinical",103TF0200X,"Behavioral Health & Social Service Providers/Psychologist, Forensic",BAD,
"Psychologist, Clinical",103TP2701X,"Behavioral Health & Social Service Providers/Psychologist, Group Psychotherapy",BAD,
"Psychologist, Clinical",103TH0004X,"Behavioral Health & Social Service Providers/Psychologist, Health",BAD,
"Psychologist, Clinical",103TH0100X,"Behavioral Health & Social Service Providers/Psychologist, Health Service",BAD,
"Psychologist, Clinical",103TM1700X,"Behavioral Health & Social Service Providers/Psychologist, Men & Masculinity",BAD,
"Psychologist, Clinical",103TM1800X,"Behavioral Health & Social Service Providers/Psychologist, Intellectual & Developmental Disabilities ",BAD,
"Psychologist, Clinical",103TP0016X,"Behavioral Health & Social Service Providers/Psychologist, Prescribing (Medical)",BAD,
"Psychologist, Clinical",103TP0814X,"Behavioral Health & Social Service Providers/Psychologist, Psychoanalysis",BAD,
"Psychologist, Clinical",103TP2700X,"Behavioral Health & Social Service Providers/Psychologist, Psychotherapy",BAD,
"Psychologist, Clinical",103TR0400X,"Behavioral Health & Social Service Providers/Psychologist, Rehabilitation",BAD,
"Psychologist, Clinical",103TS0200X,"Behavioral Health & Social Service Providers/Psychologist, School",BAD,
"Psychologist, Clinical",103TW0100X,"Behavioral Health & Social Service Providers/Psychologist, Women",BAD,
"Psychologist, Clinical",106E00000X,Behavioral Health & Social Service Providers/Assistant Behavior Analyst,BAD,
Voluntary Health or Charitable Agency[1],251V00000X,Agencies/Voluntary or Charitable,BAD,
Public Health or Welfare Agency,251K00000X,Agencies/Public Health or Welfare,BAD,
Ambulance Service Provider,341600000X,Transportation Services/Ambulance,BAD,
Ambulance Service Provider,3416A0800X,"Transportation Services/Ambulance, Air Transport",BAD,
Ambulance Service Provider,3416L0300X,"Transportation Services/Ambulance, Land Transport",BAD,
Ambulance Service Provider,3416S0300X,"Transportation Services/Ambulance, Water Transport",BAD,
Medical Supply Company with Pharmacist,332B00000X,Suppliers/Durable Medical Equipment & Medical Supplies,BAD,
Medical Supply Company with Pharmacist,333600000X,Suppliers/Pharmacy,BAD,
Medical Supply Company with Pharmacist,3336C0002X,"Suppliers/Pharmacy, Clinic Pharmacy",BAD,
Medical Supply Company with Pharmacist,3336C0003X,"Suppliers/Pharmacy, Community/Retail Pharmacy",BAD,
Medical Supply Company with Pharmacist,3336C0004X,"Suppliers/Pharmacy, Compounding Pharmacy",BAD,
Medical Supply Company with Pharmacist,3336H0001X,"Suppliers/Pharmacy, Home Infusion Therapy Pharmacy",BAD,
Medical Supply Company with Pharmacist,3336I0012X,"Suppliers/Pharmacy, Institutional Pharmacy",BAD,
Medical Supply Company with Pharmacist,3336L0003X,"Suppliers/Pharmacy, Long-term Care Pharmacy",BAD,
Medical Supply Company with Pharmacist,3336M0002X,"Suppliers/Pharmacy, Mail Order Pharmacy",BAD,
Medical Supply Company with Pharmacist,3336M0003X,"Suppliers/Pharmacy, Managed Care Organization Pharmacy",BAD,
Medical Supply Company with Pharmacist,3336N0007X,"Suppliers/Pharmacy, Nuclear Pharmacy",BAD,
Medical Supply Company with Pharmacist,3336S0011X,"Suppliers/Pharmacy, Specialty Pharmacy",BAD,
Individual Certified Prosthetist-Orthotist,222Z00000X,"Respiratory, Developmental, Rehabilitative, and Restorative Service Providers/Orthotist",BAD,
Individual Certified Prosthetist-Orthotist,229N00000X,"Respiratory, Developmental, Rehabilitative, and Restorative Service Providers/Anaplastologist",BAD,
Individual Certified Prosthetist-Orthotist,224P00000X,"Respiratory, Developmental, Rehabilitative, and Restorative Service Providers/Prosthetist",BAD,
Individual Certified Prosthetist,224P00000X,"Respiratory, Developmental, Rehabilitative, and Restorative Service Providers/Prosthetist
",BAD,
Individual Certified Prosthetist,229N00000X,"Respiratory, Developmental, Rehabilitative, and Restorative Service Providers/Anaplastologist",BAD,
Individual Certified Orthotist,222Z00000X,"Respiratory, Developmental, Rehabilitative, and Restorative Service Providers/Orthotist",BAD,
Other Medical Supply Company,332B00000X,Suppliers/Durable Medical Equipment & Medical Supplies,BAD,
Medical Supply Company with Orthotist-Prosthetist,335E00000X,Suppliers/Prosthetic/Orthotic Supplier,BAD,
Medical Supply Company with Prosthetist,335E00000X,Suppliers/Prosthetic/Orthotic Supplier,BAD,
Medical Supply Company with Orthotist,335E00000X,Suppliers/Prosthetic/Orthotic Supplier,BAD,
Nurse Practitioner,363LN0000X,"Physician Assistants & Advanced Practice Nursing Providers/Nurse Practitioner, Neonatal",BAD,
Nurse Practitioner,363LN0005X,"Physician Assistants & Advanced Practice Nursing Providers/Nurse Practitioner, Neonatal, Critical Care",BAD,
Nurse Practitioner,363LX0001X,"Physician Assistants & Advanced Practice Nursing Providers/Nurse Practitioner, Obstetrics & Gynecology",BAD,
Nurse Practitioner,363LP1700X,"Physician Assistants & Advanced Practice Nursing Providers/Nurse Practitioner, Perinatal",BAD,
Nurse Practitioner,363LP0808X,"Physician Assistants & Advanced Practice Nursing Providers/Nurse Practitioner, Psychiatric/Mental Health",BAD,
Nurse Practitioner,363LS0200X,"Physician Assistants & Advanced Practice Nursing Providers/Nurse Practitioner, School",BAD,
Ambulatory Surgical Center,261QA1903X,"Ambulatory Health Care Facilities/Clinic-Center, Ambulatory Surgical",BAD,
Independent Diagnostic Testing Facility (IDTF),293D00000X,Laboratories/Physiological Laboratory,BAD,
Physician/Endocrinology,207RE0101X,"Allopathic & Osteopathic Physicians/Internal Medicine, Endocrinology, Diabetes & Metabolism",BAD,
Mammography Center,261QR0208X,"Ambulatory Health Care Facilities/Clinic-Center, Radiology, Mammography",BAD,
Mammography Center,261QR0207X,"Ambulatory Health Care Facilities/Clinic-Center, Radiology, Mobile Mammography",BAD,
Physician/Infectious Disease,207RI0200X,"Allopathic & Osteopathic Physicians/Internal Medicine, Infectious Disease",BAD,
Certified Registered Nurse Anesthetist (CRNA),367500000X,"Physician Assistants & Advanced Practice Nursing Providers/Nurse Anesthetist, Certified Registered ",BAD,
Certified Nurse Midwife,367A00000X,"Physician Assistants & Advanced Practice Nursing Providers/Midwife, Certified Nurse",BAD,
Optometry,152W00000X,Eye and Vision Service Providers/Optometrist,BAD,
Optometry,152WC0802X,"Eye and Vision Service Providers/Optometrist, Corneal and Contact Management",BAD,
Optometry,152WL0500X,"Eye and Vision Service Providers/Optometrist, Low Vision Rehabilitation",BAD,
Optometry,152WX0102X,"Eye and Vision Service Providers/Optometrist, Occupational Vision",BAD,
Optometry,152WP0200X,"Eye and Vision Service Providers/Optometrist, Pediatrics",BAD,
Optometry,152WS0006X,"Eye and Vision Service Providers/Optometrist, Sports Vision",BAD,
Optometry,152WV0400X,"Eye and Vision Service Providers/Optometrist, Vision Therapy",BAD,
Physician/Nephrology,207RN0300X,"Allopathic & Osteopathic Physicians/Internal Medicine, Nephrology",BAD,
Physician/Pediatric Medicine,208000000X,Allopathic & Osteopathic Physicians/Pediatrics,BAD,
Physician/Pediatric Medicine,2080A0000X,"Allopathic & Osteopathic Physicians/Pediatrics, Adolescent Medicine",BAD,
Physician/Pediatric Medicine,2080I0007X,"Allopathic & Osteopathic Physicians/Pediatrics, Clinical & Laboratory Immunology",BAD,
Physician/Pediatric Medicine,2080P0006X,"Allopathic & Osteopathic Physicians/Pediatrics, Developmental–Behavioral Pediatrics",BAD,
Physician/Pediatric Medicine,2080H0002X,"Allopathic & Osteopathic Physicians/Pediatrics, Hospice and Palliative Medicine",BAD,
Physician/Pediatric Medicine,2080T0002X,"Allopathic & Osteopathic Physicians/Pediatrics, Medical Toxicology",BAD,
Physician/Pediatric Medicine,2080N0001X,"Allopathic & Osteopathic Physicians/Pediatrics, Neonatal-Perinatal Medicine",BAD,
Physician/Pediatric Medicine,2080P0008X,"Allopathic & Osteopathic Physicians/Pediatrics, Neurodevelopmental Disabilities",BAD,
Physician/Pediatric Medicine,2080P0201X,"Allopathic & Osteopathic Physicians/Pediatrics, Pediatric Allergy & Immunology",BAD,
Physician/Pediatric Medicine,2080P0202X,"Allopathic & Osteopathic Physicians/Pediatrics, Pediatric Cardiology",BAD,
Physician/Pediatric Medicine,2080P0203X,"Allopathic & Osteopathic Physicians/Pediatrics, Pediatric Critical Care Medicine",BAD,
Physician/Pediatric Medicine,2080P0204X,"Allopathic & Osteopathic Physicians/Pediatrics, Pediatric Emergency Medicine",BAD,
Physician/Pediatric Medicine,2080P0205X,"Allopathic & Osteopathic Physicians/Pediatrics, Pediatric Endocrinology",BAD,
Physician/Pediatric Medicine,2080P0206X,"Allopathic & Osteopathic Physicians/Pediatrics, Pediatric Gastroenterology",BAD,
Physician/Pediatric Medicine,2080P0207X,"Allopathic & Osteopathic Physicians/Pediatrics, Pediatric Hematology-Oncology",BAD,
Physician/Pediatric Medicine,2080P0208X,"Allopathic & Osteopathic Physicians/Pediatrics, Pediatric Infectious Diseases",BAD,
Physician/Pediatric Medicine,2080P0210X,"Allopathic & Osteopathic Physicians/Pediatrics, Pediatric Nephrology",BAD,
Physician/Pediatric Medicine,2080P0214X,"Allopathic & Osteopathic Physicians/Pediatrics, Pediatric Pulmonology",BAD,
Physician/Pediatric Medicine,2080T0004X,"Allopathic & Osteopathic Physicians/Pediatrics, Pediatric Transplant Hepatology",BAD,
Physician/Pediatric Medicine,2080S0012X,"Allopathic & Osteopathic Physicians/Pediatrics, Sleep Medicine",BAD,
Physician/Pediatric Medicine,2080B0002X,Allopathic & Osteopathic Physicians/Pediatrics/Obesity Medicine,BAD,
Physician/Pediatric Medicine,2080C0008X,Allopathic & Osteopathic Physicians/Pediatrics/Child Abuse Pediatrics,BAD,
Physician/Nuclear Medicine,207U00000X,Allopathic & Osteopathic Physicians/Nuclear Medicine,BAD,
Physician/Nuclear Medicine,2085N0904X,Allopathic & Osteopathic Physicians/Radiology/Neuroradiology/Nuclear Radiology,BAD,
Physician/Nuclear Medicine,207UN0903X,"Allopathic & Osteopathic Physicians/Nuclear Medicine, In Vivo & In Vitro Nuclear Medicine",BAD,
Physician/Nuclear Medicine,207UN0901X,"Allopathic & Osteopathic Physicians/Nuclear Medicine, Nuclear Cardiology",BAD,
Physician/Nuclear Medicine,207UN0902X,"Allopathic & Osteopathic Physicians/Nuclear Medicine, Nuclear Imaging & Therapy",BAD,
Chiropractic,111N00000X,Chiropractic Providers/Chiropractor,BAD,
Chiropractic,111NI0013X,"Chiropractic Providers/Chiropractor, Independent Medical Examiner",BAD,
Chiropractic,111NI0900X,"Chiropractic Providers/Chiropractor, Internist",BAD,
Chiropractic,111NN0400X,"Chiropractic Providers/Chiropractor, Neurology",BAD,
Chiropractic,111NX0100X,"Chiropractic Providers/Chiropractor, Occupational Medicine",BAD,
Chiropractic,111NX0800X,"Chiropractic Providers/Chiropractor, Orthopedic",BAD,
Chiropractic,111NR0400X,"Chiropractic Providers/Chiropractor, Rehabilitation",BAD,
Chiropractic,111NS0005X,"Chiropractic Providers/Chiropractor, Sports Physician",BAD,
Chiropractic,111NN1001X,"Chiropractic Providers/Chiropractor, Nutrition",BAD,
Chiropractic,111NP0017X,"Chiropractic Providers/Chiropractor, Pediatric Chiropractor",BAD,
Chiropractic,111NR0200X,"Chiropractic Providers/Chiropractor, Radiology",BAD,
Chiropractic,111NT0100X,"Chiropractic Providers/Chiropractor, Thermography",BAD,
Physician/Urology,208800000X,Allopathic & Osteopathic Physicians/Urology,BAD,
Physician/Urology,2088P0231X,"Allopathic & Osteopathic Physicians/Urology, Pediatric Urology",BAD,
Physician/Urology,2088F0040X,Female Pelvic Medicine & Reconstructive Surgery,BAD,
Physician/Thoracic Surgery,208G00000X,Allopathic & Osteopathic Physicians/Thoracic Surgery (Cardiothoracic Vascular Surgery),BAD,
Anesthesiology Assistant,367H00000X,Physician Assistants & Advanced Practice Nursing Providers/Anesthesiologist Assistant,BAD,
Intensive Cardiac Rehabilitation,163WC3500X,"Nursing Service Providers, Registered Nurse, Cardiac Rehabilitation",BAD,
Intensive Cardiac Rehabilitation,261QR0404X,"Cardiac Rehabilitation,Clinic/Center",BAD,
Physician/Diagnostic Radiology,2085R0202X,"Allopathic & Osteopathic Physicians/Radiology, Diagnostic Radiology",BAD,
Physician/Diagnostic Radiology,2085R0205X,"Allopathic & Osteopathic Physicians/Radiology, Radiological Physics",BAD,
Physician/Diagnostic Radiology,2085U0001X,"Allopathic & Osteopathic Physicians/Radiology, Diagnostic Ultrasound",BAD,
Physician/Diagnostic Radiology,2085D0003X,"Allopathic & Osteopathic Physicians/Radiology, Diagnostic Neuroimaging",BAD,
Physician/Diagnostic Radiology,2085P0229X,"Allopathic & Osteopathic Physicians/Radiology, Pediatric Radiology",BAD,
Physician/Pulmonary Disease,207RP1001X,"Allopathic & Osteopathic Physicians/Internal Medicine, Pulmonary Disease",BAD,
Physician/Colorectal Surgery (Proctology),208C00000X,Allopathic & Osteopathic Physicians/Colon & Rectal Surgery,BAD,
Physician/Psychiatry,2084P0800X,Allopathic & Osteopathic Physicians/Psychiatry,BAD,
Physician/Psychiatry,2084P0301X,"Allopathic & Osteopathic Physicians/Psychiatry & Neurology/Respiratory, Developmental, Rehabilitative and Restorative Service , Brain Injury Medicine",BAD,
Physician/Physical Medicine and Rehabilitation,2081H0002X,"Allopathic & Osteopathic Physicians/Physical Medicine & Rehabilitation, Hospice and Palliative Medicine",BAD,
Physician/Physical Medicine and Rehabilitation,2081N0008X,"Allopathic & Osteopathic Physicians/Physical Medicine & Rehabilitation, Neuromuscular Medicine",BAD,
Physician/Plastic and Reconstructive Surgery,2082S0099X,"Allopathic & Osteopathic Physicians/Plastic Surgery, Plastic Surgery Within the Head and Neck",BAD,
Physician/Plastic and Reconstructive Surgery,208200000X,Allopathic & Osteopathic Physicians/Plastic Surgery,BAD,
Physician/Sports Medicine,2081P0301X,"Allopathic & Osteopathic Physicians/Physical Medicine & Rehabilitation, Brain Injury",BAD,
Physician/Sports Medicine,207PS0010X,"Allopathic & Osteopathic Physicians/Emergency Medicine, Sports Medicine",BAD,
Physician/Pathology,207ZP0101X,"Allopathic & Osteopathic Physicians/Pathology, Anatomic Pathology",BAD,
Physician/Pathology,207ZP0102X,"Allopathic & Osteopathic Physicians/Pathology, Anatomic Pathology & Clinical Pathology",BAD,
Physician/Pathology,207ZB0001X,"Allopathic & Osteopathic Physicians/Pathology, Blood Banking & Transfusion Medicine",BAD,
Physician/Pathology,207ZP0104X,"Allopathic & Osteopathic Physicians/Pathology, Chemical Pathology",BAD,
Physician/Pathology,207ZC0006X,"Allopathic & Osteopathic Physicians/Pathology, Clinical Pathology",BAD,
Physician/Pathology,207ZP0105X,"Allopathic & Osteopathic Physicians/Pathology, Clinical Pathology/Laboratory Medicine",BAD,
Physician/Pathology,207ZC0500X,"Allopathic & Osteopathic Physicians/Pathology, Cytopathology",BAD,
Physician/Pathology,207ZD0900X,"Allopathic & Osteopathic Physicians/Pathology, Dermapathology",BAD,
Physician/Pathology,207ZF0201X,"Allopathic & Osteopathic Physicians/Pathology, Forensic Pathology",BAD,
Physician/Pathology,207ZH0000X,"Allopathic & Osteopathic Physicians/Pathology, Hematology",BAD,
Physician/Pathology,207ZI0100X,"Allopathic & Osteopathic Physicians/Pathology, Immunopathology",BAD,
Physician/Pathology,207ZM0300X,"Allopathic & Osteopathic Physicians/Pathology, Medical Microbiology",BAD,
Physician/Pathology,207ZP0007X,"Allopathic & Osteopathic Physicians/Pathology, Molecular Genetic Pathology",BAD,
Physician/Pathology,207ZN0500X,"Allopathic & Osteopathic Physicians/Pathology, Neuropathology",BAD,
Physician/Pathology,207ZP0213X,"Allopathic & Osteopathic Physicians/Pathology, Pediatric Pathology",BAD,
Physician/Pathology,207ZC0008X,Allopathic & Osteopathic Physicians/Pathology/Clinical Informatics,BAD,
Clinical Cardiac Electrophysiology,207RC0001X,"Allopathic & Osteopathic Physicians/Internal Medicine, Clinical Cardiatric Electrophysiology",BAD,
Physician/Ophthalmology,207WX0108X   ,"Allopathic & Osteopathic Physicians/Ophthalmology, Uveitis and Ocular Inflammatory Disease",BAD,
Oral Surgery (Dentist only),1223S0112X,"Allopathic & Osteopathic Physicians/Ophthalmology, Dental Providers/Dentist, Oral & Maxillofacial Surgery",BAD,
Physician/Ophthalmology,207W00000X,Allopathic & Osteopathic Physicians/Ophthalmology,BAD,
Physician/Ophthalmology,207WX0009X          ,"Allopathic & Osteopathic Physicians/Ophthalmology, Glaucoma Specialist",BAD,
Physician/Ophthalmology,207WX0107X   ,"Allopathic & Osteopathic Physicians/Ophthalmology, Retina Specialist",BAD,
Physician/Ophthalmology,207WX0109X,Allopathic & Osteopathic Physicians/Ophthalmology/Neuro-ophthalmology,BAD,
Physician/Ophthalmology,207WX0110X,Allopathic & Osteopathic Physicians/Ophthalmology/Pediatric Ophthalmology and Strabismus Specialist,BAD,
Physician/Ophthalmology,207WX0120X,"Allopathic & Osteopathic Physicians/Ophthalmology, Cornea and External Diseases Specialist",BAD,
Physician/Ophthalmology,207WX0200X,Allopathic & Osteopathic Physicians/Ophthalmic Plastic and Reconstructive Surgery,BAD,
Physician/Hospice and Palliative Care,2086H0002X,"Allopathic & Osteopathic Physicians/Surgery/Hospice and Palliative Medicine, General Surgery",BAD,
Physician/Hospice and Palliative Care,207QH0002X,"Allopathic & Osteopathic Physicians/Surgery/Hospice and Palliative Medicine, Family Practice",BAD,
Physician/Hospice and Palliative Care,207LH0002X,"Allopathic & Osteopathic Physicians/Surgery/Hospice and Palliative Medicine, Anesthesiology",BAD,
Physician/Hospice and Palliative Care,207VH0002X,"Allopathic & Osteopathic Physicians/Surgery/Hospice and Palliative Medicine, Obstetrics & Gynecology",BAD,
Physician/Hospice and Palliative Care,2084H0002X,"Allopathic & Osteopathic Physicians/Surgery/Hospice and Palliative Medicine, Neuropsychiatry",BAD,
Physician/Hospice and Palliative Care,207PH0002X,"Allopathic & Osteopathic Physicians/Surgery/Hospice and Palliative Medicine, Emergency Medicine",BAD,
Physician/Obstetrics & Gynecology,207V00000X,Allopathic & Osteopathic Physicians/Obstetrics & Gynecology,BAD,
Physician/Obstetrics & Gynecology,207VB0002X,"Allopathic & Osteopathic Physicians/Obstetrics & Gynecology, Bariatric Medicine",BAD,
Physician/Obstetrics & Gynecology,207VC0200X,"Allopathic & Osteopathic Physicians/Obstetrics & Gynecology, Critical Care Medicine",BAD,
Physician/Obstetrics & Gynecology,207VF0040X,"Allopathic & Osteopathic Physicians/Obstetrics & Gynecology, Female Pelvic Medicine and Reconstructive Surgery",BAD,
Physician/Obstetrics & Gynecology,207VX0201X,"Allopathic & Osteopathic Physicians/Obstetrics & Gynecology, Gynecologic Oncology",BAD,
Physician/Obstetrics & Gynecology,207VG0400X,"Allopathic & Osteopathic Physicians/Obstetrics & Gynecology, Gynecology",BAD,
Physician/Obstetrics & Gynecology,207VH0002X,"Allopathic & Osteopathic Physicians/Obstetrics & Gynecology, Hospice and Palliative Medicine",BAD,
Physician/Obstetrics & Gynecology,207VM0101X,"Allopathic & Osteopathic Physicians/Obstetrics & Gynecology, Maternal & Fetal Medicine",BAD,
Physician/Obstetrics & Gynecology,207VC0300X,Complex Family Planning,BAD,
Physician/Obstetrics & Gynecology,207VX0000X,"Allopathic & Osteopathic Physicians/Obstetrics & Gynecology, Obstetrics",BAD,
Physician/Obstetrics & Gynecology,207VE0102X,"Allopathic & Osteopathic Physicians/Obstetrics & Gynecology, Reproductive Endocrinology",BAD,
Speech Language Pathologist,235Z00000X,"Speech, Language and Hearing Service Providers   ",BAD,
Physician/Neurology,2085N0700X,Allopathic & Osteopathic Physicians/Radiology/Neuroradiology,BAD,
Physician/Neurology,2084E0001X,"Allopathic & Osteopathic Physicians/Psychiatry and Neurology, Epilepsy",BAD,
Physician/Internal Medicine,207RA0401X,"Allopathic & Osteopathic Physicians/Internal Medicine, Addiction Medicine",BAD,
Physician/Internal Medicine,207RA0000X,"Allopathic & Osteopathic Physicians/Internal Medicine, Adolescent Medicine",BAD,
Physician/Internal Medicine,207RA0001X,Allopathic & Osteopathic Physicians/Advanced Heart Failure and Transplant Cardiology,BAD,
Physician/Internal Medicine,207RA0201X,"Allopathic & Osteopathic Physicians/Internal Medicine, Allergy & Immunology",BAD,
Physician/Internal Medicine,207RB0002X,"Allopathic & Osteopathic Physicians/Internal Medicine, Bariatric Medicine",BAD,
Physician/Internal Medicine,207RC0000X,"Allopathic & Osteopathic Physicians/Internal Medicine, Cardiovascular Disease",BAD,
Physician/Internal Medicine,207RI0001X,"Allopathic & Osteopathic Physicians/Internal Medicine, Clinical & Laboratory Immunology",BAD,
Physician/Internal Medicine,207RE0101X,"Allopathic & Osteopathic Physicians/Internal Medicine, Endocrinology, Diabetes, & Metabolism",BAD,
Physician/Internal Medicine,207RG0100X,"Allopathic & Osteopathic Physicians/Internal Medicine, Gastroenterology",BAD,
Physician/Internal Medicine,207RH0000X,"Allopathic & Osteopathic Physicians/Internal Medicine, Hematology",BAD,
Physician/Internal Medicine,207RH0003X,"Allopathic & Osteopathic Physicians/Internal Medicine, Hematology & Oncology",BAD,
Physician/Internal Medicine,207RI0008X,"Allopathic & Osteopathic Physicians/Internal Medicine, Hepatology",BAD,
Physician/Internal Medicine,207RH0002X,"Allopathic & Osteopathic Physicians/Internal Medicine, Hospice and Palliative Medicine",BAD,
Physician/Internal Medicine,207RI0200X,"Allopathic & Osteopathic Physicians/Internal Medicine, Infectious Disease",BAD,
Physician/Internal Medicine,207RM1200X,"Allopathic & Osteopathic Physicians/Internal Medicine, Magnetic Resonance Imaging (MRI)",BAD,
Physician/Internal Medicine,207RX0202X,"Allopathic & Osteopathic Physicians/Internal Medicine, Medical Oncology",BAD,
Physician/Internal Medicine,207RN0300X,"Allopathic & Osteopathic Physicians/Internal Medicine, Nephrology",BAD,
Physician/Internal Medicine,207RP1001X,"Allopathic & Osteopathic Physicians/Internal Medicine, Pulmonary Disease",BAD,
Physician/Internal Medicine,207RS0012X,"Allopathic & Osteopathic Physicians/Internal Medicine, Sleep Medicine",BAD,
Physician/Internal Medicine,207RT0003X,"Allopathic & Osteopathic Physicians/Internal Medicine, Transplant Hepatology",BAD,
Physician/Gastroenterology,207RG0100X,"Allopathic & Osteopathic Physicians/Internal Medicine, Gastroenterology",BAD,
Physician/Family Practice,207QA0401X,"Allopathic & Osteopathic Physicians/Family Medicine, Addiction Medicine",BAD,
Physician/Family Practice,207QA0000X,"Allopathic & Osteopathic Physicians/Family Medicine, Adolescent Medicine",BAD,
Physician/Family Practice,207QB0002X,"Allopathic & Osteopathic Physicians/Family Medicine, Bariatric Medicine",BAD,
Physician/Family Practice,207QH0002X,"Allopathic & Osteopathic Physicians/Family Medicine, Hospice and Palliative Medicine",BAD,
Physician/Family Practice,207QS1201X,"Allopathic & Osteopathic Physicians/Family Medicine, Sleep Medicine",BAD,
Physician/Dermatology,207N00000X,Allopathic & Osteopathic Physicians/Dermatology,BAD,
Physician/Dermatology,207NI0002X,"Allopathic & Osteopathic Physicians/Dermatology, Clinical & Laboratory Dermatological Immunology",BAD,
Physician/Dermatology,207ND0101X,"Allopathic & Osteopathic Physicians/Dermatology, MOHS-Micrographic Surgery",BAD,
Physician/Dermatology,207ND0900X,"Allopathic & Osteopathic Physicians/Dermatology, Dermapathology",BAD,
Physician/Dermatology,207NP0225X,"Allopathic & Osteopathic Physicians/Dermatology, Pediatric Dermatology",BAD,
Physician/Dermatology,207NS0135X,"Allopathic &Osteopathic Physicians/Dermatology, Procedural Dermatology",BAD,
Physician/Cardiovascular Disease (Cardiology),207RC0000X,"Allopathic & Osteopathic Physicians/Internal Medicine, Cardiovascular Disease",BAD,
Physician/Anesthesiology,207L00000X,Allopathic & Osteopathic Physicians/Anesthesiology,BAD,
Physician/Anesthesiology,207LA0401X,Allopathic & Osteopathic Physicians/Anesthesiology/Addiction Medicine,BAD,
Physician/Anesthesiology,207LC0200X,Allopathic & Osteopathic Physicians/Anesthesiology/Critical Care Medicine,BAD,
Physician/Anesthesiology,207LH0002X,Allopathic & Osteopathic Physicians/Anesthesiology/Hospice and Palliative Medicine,BAD,
Physician/Anesthesiology,207LP3000X,Allopathic & Osteopathic Physicians/Anesthesiology/Pediatric Anesthesiology,BAD,
Physician/Otolaryngology,207YX0007X,Allopathic & Osteopathic Physicians/Otolaryngology/Plastic Surgery within the Head & Neck,BAD,
Physician/Otolaryngology,207Y00000X,Allopathic & Osteopathic Physicians/ Otolaryngology,BAD,
Physician/Otolaryngology,207YS0123X,Allopathic & Osteopathic Physicians/ Otolaryngology/Facial Plastic Surgery,BAD,
Physician/Otolaryngology,207YX0602X,Allopathic & Osteopathic Physicians/Otolaryngology/Otolaryngic Allergy,BAD,
Physician/Otolaryngology,207YX0905X,Allopathic & Osteopathic Physicians/Otolaryngology/Otolaryngology/Facial Plastic Surgery,BAD,
Physician/Otolaryngology,207YX0901X,Allopathic & Osteopathic Physicians/Otolaryngology/Otology &Neurotology,BAD,
Physician/Otolaryngology,207YP0228X,Allopathic & Osteopathic Physicians/Otolaryngology/Pediatric Otolaryngology,BAD,
Physician/Otolaryngology,207YS0012X,Allopathic & Osteopathic Physicians/Otolaryngology/Sleep Medicine,BAD,
Physician/Allergy/ Immunology,207K00000X,Allopathic & Osteopathic Physicians/Allergy and Immunology,BAD,
Physician/Allergy/ Immunology,207KA0200X,Allopathic & Osteopathic Physicians/Allergy and Immunology/Allergy,BAD,
Physician/Allergy/ Immunology,207KI0005X,Allopathic & Osteopathic Physicians/Allergy and Immunology/Clinical & Laboratory Immunology,BAD,
Physician/General Surgery,2086S0122X,Allopathic & Osteopathic Physicians/Surgery/Plastic and Reconstructive Surgery,BAD,
Physician/General Surgery,2086S0127X,Allopathic & Osteopathic Physicians/Surgery/Trauma Surgery,BAD,
Physician/General Surgery,2082S0099X,Allopathic & Osteopathic Physicians/Plastic Surgery/Plastic Surgery Within the Head & Neck,BAD,
Physician/General Surgery,2086H0002X,Allopathic & Osteopathic Physicians/Surgery/Hospice and Palliative Medicine,BAD,
Physician/General Surgery,2086X0206X,Allopathic & Osteopathic Physicians/Surgery/Surgical Oncology,BAD,
Physician/General Surgery,2086S0129X,Allopathic & Osteopathic Physicians/Surgery/Vascular Surgery,BAD,
Physician/General Surgery,208G00000X,Allopathic & Osteopathic Physicians/Thoracic Surgery (Cardiothoracic Vascular Surgery),BAD,
Physician/General Surgery,204F00000X,Allopathic & Osteopathic Physicians/Transplant Surgery,BAD,
Physician/General Surgery,208C00000X,Allopathic & Osteopathic Physicians/Colon & Rectal Surgery,BAD,
Physician/General Surgery,204E00000X,Allopathic & Osteopathic Physicians/Oral & Maxillofacial Surgery,BAD,
Physician/General Surgery,208200000X,Allopathic & Osteopathic Physicians/Plastic Surgery,BAD,
Specialist,174400000X,Specialist,GOOD,GOOD
